<project toolsVersion="5.0">
    <dependency name="falcor_dependencies" linkPath="../Externals/.packman/deps">
        <package name="falcor_dependencies" version="6adad071-${platform}" platforms="windows-x86_64" />
    </dependency>
    <dependency name="falcor_media" linkPath="../../Media">
        <package name="falcor_media" version="cb35a70a" />
    </dependency>
    <dependency name="dear_imgui" linkPath="../Externals/.packman/dear_imgui">
        <package name="dear_imgui" version="1.72WIP-docking-e5b9054" />
    </dependency>
    <dependency name="vulkansdk" linkPath="../Externals/.packman/vulkansdk">
        <package name="vulkansdk" version="1.1.82.1" platforms="windows-x86_64" />
    </dependency>
    <dependency name="slang" linkPath="../Externals/.packman/slang">
        <package name="slang" version="v0.17.5-windows-x64-release" platforms="windows-x86_64" />
        <package name="slang" version="v0.17.5-linux-x64-release" platforms="linux-x86_64" />
    </dependency>
    <dependency name="WinPixEventRuntime" linkPath="../Externals/.packman/WinPixEventRuntime">
        <package name="WinPixEventRuntime" version="1.0.190604001" platforms="windows-x86_64" />
    </dependency>
    <dependency name="python" linkPath="../Externals/.packman/python">
        <package name="python" version="3.6.7-${platform}" platforms="windows-x86_64 linux-x86_64" />
    </dependency>
    <dependency name="nanovdb" linkPath="../Externals/.packman/nanovdb">
        <package name="nanovdb" version="pnanovdb-90289150" />
    </dependency>
</project>
